{
    "rmse": 0.6968904725912024,
    "mae": 0.5468824088234284,
    "r2": 0.2432607521508484
}