{
    "rmse": 0.6796043036960262,
    "mae": 0.5338177409365757,
    "r2": 0.2758229632673581
}