{
    "rmse": 0.6909238270517686,
    "mae": 0.5428521790947383,
    "r2": 0.2886667638386796
}